{"last_tab":"","primary_color":"","secondary_color":"","third_color":"","dark_color":"","link_color":{"regular":"","hover":"","active":""},"gradient_first_color":"","gradient_color":{"from":"","to":""},"gradient_color2":{"from":"","to":""},"font_body":{"font-family":"","font-options":"","google":"1","font-weight":"","font-style":"","subsets":"","font-size":"","line-height":"","color":""},"font_heading_h1":{"font-family":"","font-options":"","google":"1","font-weight":"","font-style":"","subsets":"","font-size":"","line-height":"","color":""},"font_heading_h2":{"font-family":"","font-options":"","google":"1","font-weight":"","font-style":"","subsets":"","font-size":"","line-height":"","color":""},"font_heading_h3":{"font-family":"","font-options":"","google":"1","font-weight":"","font-style":"","subsets":"","font-size":"","line-height":"","color":""},"font_heading_h4":{"font-family":"","font-options":"","google":"1","font-weight":"","font-style":"","subsets":"","font-size":"","line-height":"","color":""},"font_heading_h5":{"font-family":"","font-options":"","google":"1","font-weight":"","font-style":"","subsets":"","font-size":"","line-height":"","color":""},"font_heading_h6":{"font-family":"","font-options":"","google":"1","font-weight":"","font-style":"","subsets":"","font-size":"","line-height":"","color":""},"f_secondary":{"font-family":"","font-options":"","google":"1","subsets":""},"site_loader":"on","site_loader_style":"style-1","site_loader_icon":{"url":"","id":"","height":"","width":"","thumbnail":""},"mouse_move_animation":"off","smooth_scroll":"off","cookie_policy":"hide","cookie_policy_description":"","cookie_policy_description_typo":{"font-family":"","font-options":"","google":"1","font-weight":"","font-style":"","subsets":"","font-size":"","line-height":""},"cookie_policy_btntext":"","cookie_policy_link":"","subscribe":"hide","popup_effect":"fade","header_layout":"62","header_layout_sticky":"6620","sticky_scroll":"pxl-sticky-stt","mobile_display":"show","opt_mobile_style":"light","logo_m":{"url":"http:\/\/organify.local\/wp-content\/uploads\/2024\/08\/logo-1.png","id":"9308","height":"192","width":"534","thumbnail":"http:\/\/organify.local\/wp-content\/uploads\/2024\/08\/logo-1-150x150.png"},"logo_light_m":{"url":"http:\/\/organify.local\/wp-content\/uploads\/2024\/08\/logo-menu-dark.png","id":"9307","height":"192","width":"534","thumbnail":"http:\/\/organify.local\/wp-content\/uploads\/2024\/08\/logo-menu-dark-150x150.png"},"logo_height":{"height":"64px","units":"px"},"search_mobile":"1","search_placeholder_mobile":"","footer_layout":"202","back_totop_on":"","footer_fixed":"off","pt_mode":"bd","ptitle_layout":"347","ptitle_scroll_opacity":"","blog_sidebar_pos":"right","archive_date":"1","archive_author":"1","archive_category":"1","archive_comment":"1","featured_img_size":"","archive_excerpt_length":"","archive_readmore_text":"","post_sidebar_pos":"0","sg_post_title":"default","sg_post_title_text":"Blog Details","sg_featured_img_size":"","blog_page":"1","link_blog_page":"http:\/\/organify.local\/our-blog\/","post_date":"1","post_author":"1","post_comment":"1","post_category":"1","post_tag":"1","post_navigation":"0","post_social_share":"1","social_facebook":"1","social_twitter":"1","social_whatsapp":"1","social_linkedin":"1","copy_link":"1","post_author_info":"1","description_ai":"custom_text","description_ai_custom_text":"Organic food is not a trend; it's a timeless commitment to our well-being and the well-being of our planet Nature's bounty, cultivated with care, organic food.","post_related":"1","portfolio_display":"on","sg_portfolio_title":"default","sg_portfolio_title_text":"Single Portfolio","portfolio_slug":"","portfolio_name":"","archive_portfolio_link":"","service_display":"on","sg_service_title":"default","sg_service_title_text":"Single Service","service_slug":"","service_name":"","archive_service_link":"","shop_sidebar_pos":"right","shop_featured_img_size":"","position_sale_price":"ps_right","products_columns":"3","product_per_page":"12","single_img_size":{"width":"","height":"","units":"px"},"sg_product_ptitle":"default","sg_product_ptitle_text":"Shop Details","product_title":"","product_social_share":"0","background_404":{"url":"","id":"","height":"","width":"","thumbnail":""},"title_404":"","description_404":"","header_mobile_layout":""}