{"tax":{"pa_diet-type":{"data":{"attribute_id":"1","attribute_name":"diet-type","attribute_label":"Diet Type","attribute_type":"button","attribute_orderby":"menu_order","attribute_public":0},"terms":{"kosher":{"fields":{"term_id":45,"name":"Kosher","slug":"kosher","term_group":0,"term_taxonomy_id":45,"taxonomy":"pa_diet-type","description":"","parent":0,"count":9,"filter":"raw","meta_value":null},"meta":{"order":"0"}},"usda-organic":{"fields":{"term_id":44,"name":"USDA Organic","slug":"usda-organic","term_group":0,"term_taxonomy_id":44,"taxonomy":"pa_diet-type","description":"","parent":0,"count":9,"filter":"raw","meta_value":null},"meta":{"order":"0"}}}},"pa_size":{"data":{"attribute_id":"2","attribute_name":"size","attribute_label":"Size","attribute_type":"select","attribute_orderby":"menu_order","attribute_public":0},"terms":{"150ge":{"fields":{"term_id":48,"name":"150ge","slug":"150ge","term_group":0,"term_taxonomy_id":48,"taxonomy":"pa_size","description":"","parent":0,"count":9,"filter":"raw","meta_value":null},"meta":{"order":"0"}},"1kg":{"fields":{"term_id":49,"name":"1kg","slug":"1kg","term_group":0,"term_taxonomy_id":49,"taxonomy":"pa_size","description":"","parent":0,"count":11,"filter":"raw","meta_value":null},"meta":{"order":"0"}},"50ge":{"fields":{"term_id":46,"name":"50ge","slug":"50ge","term_group":0,"term_taxonomy_id":46,"taxonomy":"pa_size","description":"","parent":0,"count":9,"filter":"raw","meta_value":null},"meta":{"order":"0"}},"75ge":{"fields":{"term_id":47,"name":"75ge","slug":"75ge","term_group":0,"term_taxonomy_id":47,"taxonomy":"pa_size","description":"","parent":0,"count":7,"filter":"raw","meta_value":null},"meta":{"order":"0"}}}}},"products":[{"product_id":5964,"attributes":{"pa_diet-type":{"options":["kosher","usda-organic"],"name":"pa_diet-type","positions":0,"visible":true,"variation":true}},"variations":["ripe-whole-kiwi-kosher","ripe-whole-kiwi-usda-organic"]},{"product_id":5963,"attributes":{"pa_diet-type":{"options":["kosher","usda-organic"],"name":"pa_diet-type","positions":0,"visible":true,"variation":true}},"variations":["fresh-mango-kosher","fresh-mango-usda-organic"]},{"product_id":5958,"attributes":{"pa_size":{"options":["1kg","50ge"],"name":"pa_size","positions":0,"visible":true,"variation":true}},"variations":["green-apple-1kg","green-apple-50ge"]},{"product_id":5800,"attributes":{"pa_size":{"options":["1kg","50ge"],"name":"pa_size","positions":0,"visible":true,"variation":true}},"variations":["organic-and-fresh-red-apples-1kg","organic-and-fresh-red-apples-50ge"]},{"product_id":5799,"attributes":{"pa_diet-type":{"options":["kosher","usda-organic"],"name":"pa_diet-type","positions":0,"visible":true,"variation":true}},"variations":["beautiful-pink-dragon-fruit-kosher","beautiful-pink-dragon-fruit-usda-organic"]},{"product_id":5798,"attributes":{"pa_diet-type":{"options":["kosher","usda-organic"],"name":"pa_diet-type","positions":0,"visible":true,"variation":true}},"variations":["rose-apples-fresh-on-alpha-kosher","rose-apples-fresh-on-alpha-usda-organic"]},{"product_id":5793,"attributes":{"pa_size":{"options":["1kg","75ge"],"name":"pa_size","positions":0,"visible":true,"variation":true}},"variations":["fresh-organic-red-plum-1kg","fresh-organic-red-plum-75ge"]},{"product_id":3789,"attributes":{"pa_size":{"options":["150ge","1kg"],"name":"pa_size","positions":0,"visible":true,"variation":true}},"variations":["guava-fruit-150ge","guava-fruit-1kg"]},{"product_id":3788,"attributes":{"pa_diet-type":{"options":["kosher","usda-organic"],"name":"pa_diet-type","positions":0,"visible":true,"variation":true}},"variations":["fresh-berries-kosher","fresh-berries-usda-organic"]},{"product_id":3784,"attributes":{"pa_size":{"options":["150ge","50ge"],"name":"pa_size","positions":0,"visible":true,"variation":true}},"variations":["fresh-mango-150ge","fresh-mango-50ge"]},{"product_id":1900,"attributes":{"pa_diet-type":{"options":["kosher","usda-organic"],"name":"pa_diet-type","positions":0,"visible":true,"variation":true},"pa_size":{"options":["150ge","1kg","50ge","75ge"],"name":"pa_size","positions":1,"visible":true,"variation":true}},"variations":["creams","creams-2","creams-3","creams-4","creams-5","creams-6","creams-7","creams-8"]},{"product_id":1898,"attributes":{"pa_size":{"options":["150ge","1kg"],"name":"pa_size","positions":0,"visible":true,"variation":true}},"variations":["fruits-150ge","fruits-1kg"]},{"product_id":1897,"attributes":[]},{"product_id":1896,"attributes":[]},{"product_id":1895,"attributes":[]},{"product_id":1894,"attributes":[]},{"product_id":1892,"attributes":{"pa_diet-type":{"options":["kosher","usda-organic"],"name":"pa_diet-type","positions":0,"visible":true,"variation":true},"pa_size":{"options":["150ge","1kg","50ge","75ge"],"name":"pa_size","positions":1,"visible":true,"variation":true}},"variations":[]},{"product_id":1891,"attributes":{"pa_diet-type":{"options":["kosher","usda-organic"],"name":"pa_diet-type","positions":0,"visible":true,"variation":true},"pa_size":{"options":["150ge","1kg","50ge","75ge"],"name":"pa_size","positions":1,"visible":true,"variation":true}},"variations":["pancake","pancake-2","pancake-3","pancake-4","pancake-5","pancake-6","pancake-7","pancake-8"]},{"product_id":1889,"attributes":{"pa_diet-type":{"options":["kosher","usda-organic"],"name":"pa_diet-type","positions":1,"visible":true,"variation":true}},"variations":["vegan-curry-kosher","vegan-curry-usda-organic"]},{"product_id":1888,"attributes":[]},{"product_id":1887,"attributes":[]},{"product_id":1886,"attributes":[]},{"product_id":1885,"attributes":[]},{"product_id":1884,"attributes":[]},{"product_id":1883,"attributes":{"pa_size":{"options":["150ge","1kg","50ge","75ge"],"name":"pa_size","positions":0,"visible":true,"variation":true}},"variations":["vegan-curry-150ge","vegan-curry-1kg","vegan-curry-50ge","vegan-curry-75ge"]},{"product_id":1837,"attributes":{"pa_size":{"options":["150ge","1kg","50ge","75ge"],"name":"pa_size","positions":0,"visible":true,"variation":true}},"variations":["creams-150ge","creams-1kg","creams-50ge","creams-75ge"]},{"product_id":194,"attributes":{"pa_size":{"options":["150ge","1kg","50ge","75ge"],"name":"pa_size","positions":0,"visible":true,"variation":true}},"variations":[]}]}